id,family_name,home_address,home_phone,shared_profile,created_at,updated_at
1,青木家,東京都サンプル区架空町2-4-101,03-0000-0001,"{""guardians"":[{""order"":1,""last_name"":""青木"",""first_name"":""真由美"",""last_name_kana"":""アオキ"",""first_name_kana"":""マユミ"",""relationship"":""母"",""phone"":""090-0001-0001"",""workplace"":""青空デザイン"",""workplace_address"":""東京都サンプル区勤務先2-2-1"",""workplace_phone"":""03-1000-0001""},{""order"":2,""last_name"":""青木"",""first_name"":""直樹"",""last_name_kana"":""アオキ"",""first_name_kana"":""ナオキ"",""relationship"":""父"",""phone"":""090-0002-0001"",""workplace"":""さくら物流"",""workplace_address"":""東京都サンプル区勤務先4-2-2"",""workplace_phone"":""03-2000-0001""}]}",2026-04-01T09:00:00,2026-04-01T09:00:00
2,石井家,東京都サンプル区若葉町3-7-102,03-0000-0002,"{""guardians"":[{""order"":1,""last_name"":""石井"",""first_name"":""彩"",""last_name_kana"":""イシイ"",""first_name_kana"":""アヤ"",""relationship"":""母"",""phone"":""090-0001-0002"",""workplace"":""みどり食品"",""workplace_address"":""東京都サンプル区勤務先3-3-1"",""workplace_phone"":""03-1000-0002""},{""order"":2,""last_name"":""石井"",""first_name"":""学"",""last_name_kana"":""イシイ"",""first_name_kana"":""マナブ"",""relationship"":""父"",""phone"":""090-0002-0002"",""workplace"":""若葉建設"",""workplace_address"":""東京都サンプル区勤務先5-3-2"",""workplace_phone"":""03-2000-0002""}]}",2026-04-01T09:00:00,2026-04-01T09:00:00
3,井上家,東京都サンプル区青葉台4-10-103,03-0000-0003,"{""guardians"":[{""order"":1,""last_name"":""井上"",""first_name"":""奈々"",""last_name_kana"":""イノウエ"",""first_name_kana"":""ナナ"",""relationship"":""母"",""phone"":""090-0001-0003"",""workplace"":""架空システム"",""workplace_address"":""東京都サンプル区勤務先4-4-1"",""workplace_phone"":""03-1000-0003""},{""order"":2,""last_name"":""井上"",""first_name"":""大輔"",""last_name_kana"":""イノウエ"",""first_name_kana"":""ダイスケ"",""relationship"":""父"",""phone"":""090-0002-0003"",""workplace"":""ひかり薬局"",""workplace_address"":""東京都サンプル区勤務先6-4-2"",""workplace_phone"":""03-2000-0003""}]}",2026-04-01T09:00:00,2026-04-01T09:00:00
4,遠藤家,東京都サンプル区中央5-1-104,03-0000-0004,"{""guardians"":[{""order"":1,""last_name"":""遠藤"",""first_name"":""美穂"",""last_name_kana"":""エンドウ"",""first_name_kana"":""ミホ"",""relationship"":""母"",""phone"":""090-0001-0004"",""workplace"":""北町クリニック"",""workplace_address"":""東京都サンプル区勤務先5-5-1"",""workplace_phone"":""03-1000-0004""},{""order"":2,""last_name"":""遠藤"",""first_name"":""拓也"",""last_name_kana"":""エンドウ"",""first_name_kana"":""タクヤ"",""relationship"":""父"",""phone"":""090-0002-0004"",""workplace"":""東都サービス"",""workplace_address"":""東京都サンプル区勤務先7-5-2"",""workplace_phone"":""03-2000-0004""}]}",2026-04-01T09:00:00,2026-04-01T09:00:00
5,岡田家,東京都サンプル区南町6-4-105,03-0000-0005,"{""guardians"":[{""order"":1,""last_name"":""岡田"",""first_name"":""真由美"",""last_name_kana"":""オカダ"",""first_name_kana"":""マユミ"",""relationship"":""母"",""phone"":""090-0001-0005"",""workplace"":""さくら物流"",""workplace_address"":""東京都サンプル区勤務先6-6-1"",""workplace_phone"":""03-1000-0005""},{""order"":2,""last_name"":""岡田"",""first_name"":""航"",""last_name_kana"":""オカダ"",""first_name_kana"":""ワタル"",""relationship"":""父"",""phone"":""090-0002-0005"",""workplace"":""つばめ銀行"",""workplace_address"":""東京都サンプル区勤務先3-6-2"",""workplace_phone"":""03-2000-0005""}]}",2026-04-01T09:00:00,2026-04-01T09:00:00
6,小川家,東京都サンプル区北町7-7-106,03-0000-0006,"{""guardians"":[{""order"":1,""last_name"":""小川"",""first_name"":""彩"",""last_name_kana"":""オガワ"",""first_name_kana"":""アヤ"",""relationship"":""母"",""phone"":""090-0001-0006"",""workplace"":""若葉建設"",""workplace_address"":""東京都サンプル区勤務先7-7-1"",""workplace_phone"":""03-1000-0006""},{""order"":2,""last_name"":""小川"",""first_name"":""誠"",""last_name_kana"":""オガワ"",""first_name_kana"":""マコト"",""relationship"":""父"",""phone"":""090-0002-0006"",""workplace"":""サンプル商事"",""workplace_address"":""東京都サンプル区勤務先4-7-2"",""workplace_phone"":""03-2000-0006""}]}",2026-04-01T09:00:00,2026-04-01T09:00:00
7,加藤家,東京都サンプル区架空町8-10-107,03-0000-0007,"{""guardians"":[{""order"":1,""last_name"":""加藤"",""first_name"":""奈々"",""last_name_kana"":""カトウ"",""first_name_kana"":""ナナ"",""relationship"":""母"",""phone"":""090-0001-0007"",""workplace"":""ひかり薬局"",""workplace_address"":""東京都サンプル区勤務先1-8-1"",""workplace_phone"":""03-1000-0007""},{""order"":2,""last_name"":""加藤"",""first_name"":""亮"",""last_name_kana"":""カトウ"",""first_name_kana"":""リョウ"",""relationship"":""父"",""phone"":""090-0002-0007"",""workplace"":""青空デザイン"",""workplace_address"":""東京都サンプル区勤務先5-8-2"",""workplace_phone"":""03-2000-0007""}]}",2026-04-01T09:00:00,2026-04-01T09:00:00
8,木村家,東京都サンプル区若葉町9-1-108,03-0000-0008,"{""guardians"":[{""order"":1,""last_name"":""木村"",""first_name"":""美穂"",""last_name_kana"":""キムラ"",""first_name_kana"":""ミホ"",""relationship"":""母"",""phone"":""090-0001-0008"",""workplace"":""東都サービス"",""workplace_address"":""東京都サンプル区勤務先2-9-1"",""workplace_phone"":""03-1000-0008""},{""order"":2,""last_name"":""木村"",""first_name"":""健一"",""last_name_kana"":""キムラ"",""first_name_kana"":""ケンイチ"",""relationship"":""父"",""phone"":""090-0002-0008"",""workplace"":""みどり食品"",""workplace_address"":""東京都サンプル区勤務先6-9-2"",""workplace_phone"":""03-2000-0008""}]}",2026-04-01T09:00:00,2026-04-01T09:00:00
9,小林家,東京都サンプル区青葉台1-4-109,03-0000-0009,"{""guardians"":[{""order"":1,""last_name"":""小林"",""first_name"":""真由美"",""last_name_kana"":""コバヤシ"",""first_name_kana"":""マユミ"",""relationship"":""母"",""phone"":""090-0001-0009"",""workplace"":""つばめ銀行"",""workplace_address"":""東京都サンプル区勤務先3-10-1"",""workplace_phone"":""03-1000-0009""},{""order"":2,""last_name"":""小林"",""first_name"":""直樹"",""last_name_kana"":""コバヤシ"",""first_name_kana"":""ナオキ"",""relationship"":""父"",""phone"":""090-0002-0009"",""workplace"":""架空システム"",""workplace_address"":""東京都サンプル区勤務先7-10-2"",""workplace_phone"":""03-2000-0009""},{""order"":3,""last_name"":""小林"",""first_name"":""洋子"",""last_name_kana"":""コバヤシ"",""first_name_kana"":""ヨウコ"",""relationship"":""祖母"",""phone"":""090-0003-0009"",""workplace"":"""",""workplace_address"":"""",""workplace_phone"":""""}]}",2026-04-01T09:00:00,2026-04-01T09:00:00
10,斎藤家,東京都サンプル区中央2-7-110,03-0000-0010,"{""guardians"":[{""order"":1,""last_name"":""斎藤"",""first_name"":""彩"",""last_name_kana"":""サイトウ"",""first_name_kana"":""アヤ"",""relationship"":""母"",""phone"":""090-0001-0010"",""workplace"":""サンプル商事"",""workplace_address"":""東京都サンプル区勤務先4-11-1"",""workplace_phone"":""03-1000-0010""},{""order"":2,""last_name"":""斎藤"",""first_name"":""学"",""last_name_kana"":""サイトウ"",""first_name_kana"":""マナブ"",""relationship"":""父"",""phone"":""090-0002-0010"",""workplace"":""北町クリニック"",""workplace_address"":""東京都サンプル区勤務先3-11-2"",""workplace_phone"":""03-2000-0010""}]}",2026-04-01T09:00:00,2026-04-01T09:00:00
11,佐々木家,東京都サンプル区南町3-10-111,03-0000-0011,"{""guardians"":[{""order"":1,""last_name"":""佐々木"",""first_name"":""奈々"",""last_name_kana"":""ササキ"",""first_name_kana"":""ナナ"",""relationship"":""母"",""phone"":""090-0001-0011"",""workplace"":""青空デザイン"",""workplace_address"":""東京都サンプル区勤務先5-1-1"",""workplace_phone"":""03-1000-0011""},{""order"":2,""last_name"":""佐々木"",""first_name"":""大輔"",""last_name_kana"":""ササキ"",""first_name_kana"":""ダイスケ"",""relationship"":""父"",""phone"":""090-0002-0011"",""workplace"":""さくら物流"",""workplace_address"":""東京都サンプル区勤務先4-12-2"",""workplace_phone"":""03-2000-0011""}]}",2026-04-01T09:00:00,2026-04-01T09:00:00
12,佐藤家,東京都サンプル区北町4-1-112,03-0000-0012,"{""guardians"":[{""order"":1,""last_name"":""佐藤"",""first_name"":""美穂"",""last_name_kana"":""サトウ"",""first_name_kana"":""ミホ"",""relationship"":""母"",""phone"":""090-0001-0012"",""workplace"":""みどり食品"",""workplace_address"":""東京都サンプル区勤務先6-2-1"",""workplace_phone"":""03-1000-0012""},{""order"":2,""last_name"":""佐藤"",""first_name"":""拓也"",""last_name_kana"":""サトウ"",""first_name_kana"":""タクヤ"",""relationship"":""父"",""phone"":""090-0002-0012"",""workplace"":""若葉建設"",""workplace_address"":""東京都サンプル区勤務先5-13-2"",""workplace_phone"":""03-2000-0012""}]}",2026-04-01T09:00:00,2026-04-01T09:00:00
13,清水家,東京都サンプル区架空町5-4-113,03-0000-0013,"{""guardians"":[{""order"":1,""last_name"":""清水"",""first_name"":""真由美"",""last_name_kana"":""シミズ"",""first_name_kana"":""マユミ"",""relationship"":""母"",""phone"":""090-0001-0013"",""workplace"":""架空システム"",""workplace_address"":""東京都サンプル区勤務先7-3-1"",""workplace_phone"":""03-1000-0013""},{""order"":2,""last_name"":""清水"",""first_name"":""航"",""last_name_kana"":""シミズ"",""first_name_kana"":""ワタル"",""relationship"":""父"",""phone"":""090-0002-0013"",""workplace"":""ひかり薬局"",""workplace_address"":""東京都サンプル区勤務先6-1-2"",""workplace_phone"":""03-2000-0013""}]}",2026-04-01T09:00:00,2026-04-01T09:00:00
14,鈴木家,東京都サンプル区若葉町6-7-114,03-0000-0014,"{""guardians"":[{""order"":1,""last_name"":""鈴木"",""first_name"":""彩"",""last_name_kana"":""スズキ"",""first_name_kana"":""アヤ"",""relationship"":""母"",""phone"":""090-0001-0014"",""workplace"":""北町クリニック"",""workplace_address"":""東京都サンプル区勤務先1-4-1"",""workplace_phone"":""03-1000-0014""},{""order"":2,""last_name"":""鈴木"",""first_name"":""誠"",""last_name_kana"":""スズキ"",""first_name_kana"":""マコト"",""relationship"":""父"",""phone"":""090-0002-0014"",""workplace"":""東都サービス"",""workplace_address"":""東京都サンプル区勤務先7-2-2"",""workplace_phone"":""03-2000-0014""}]}",2026-04-01T09:00:00,2026-04-01T09:00:00
15,高橋家,東京都サンプル区青葉台7-10-115,03-0000-0015,"{""guardians"":[{""order"":1,""last_name"":""高橋"",""first_name"":""奈々"",""last_name_kana"":""タカハシ"",""first_name_kana"":""ナナ"",""relationship"":""母"",""phone"":""090-0001-0015"",""workplace"":""さくら物流"",""workplace_address"":""東京都サンプル区勤務先2-5-1"",""workplace_phone"":""03-1000-0015""},{""order"":2,""last_name"":""高橋"",""first_name"":""亮"",""last_name_kana"":""タカハシ"",""first_name_kana"":""リョウ"",""relationship"":""父"",""phone"":""090-0002-0015"",""workplace"":""つばめ銀行"",""workplace_address"":""東京都サンプル区勤務先3-3-2"",""workplace_phone"":""03-2000-0015""}]}",2026-04-01T09:00:00,2026-04-01T09:00:00
16,田中家,東京都サンプル区中央8-1-116,03-0000-0016,"{""guardians"":[{""order"":1,""last_name"":""田中"",""first_name"":""美穂"",""last_name_kana"":""タナカ"",""first_name_kana"":""ミホ"",""relationship"":""母"",""phone"":""090-0001-0016"",""workplace"":""若葉建設"",""workplace_address"":""東京都サンプル区勤務先3-6-1"",""workplace_phone"":""03-1000-0016""},{""order"":2,""last_name"":""田中"",""first_name"":""健一"",""last_name_kana"":""タナカ"",""first_name_kana"":""ケンイチ"",""relationship"":""父"",""phone"":""090-0002-0016"",""workplace"":""サンプル商事"",""workplace_address"":""東京都サンプル区勤務先4-4-2"",""workplace_phone"":""03-2000-0016""}]}",2026-04-01T09:00:00,2026-04-01T09:00:00
17,中村家,東京都サンプル区南町9-4-117,03-0000-0017,"{""guardians"":[{""order"":1,""last_name"":""中村"",""first_name"":""真由美"",""last_name_kana"":""ナカムラ"",""first_name_kana"":""マユミ"",""relationship"":""母"",""phone"":""090-0001-0017"",""workplace"":""ひかり薬局"",""workplace_address"":""東京都サンプル区勤務先4-7-1"",""workplace_phone"":""03-1000-0017""},{""order"":2,""last_name"":""中村"",""first_name"":""直樹"",""last_name_kana"":""ナカムラ"",""first_name_kana"":""ナオキ"",""relationship"":""父"",""phone"":""090-0002-0017"",""workplace"":""青空デザイン"",""workplace_address"":""東京都サンプル区勤務先5-5-2"",""workplace_phone"":""03-2000-0017""}]}",2026-04-01T09:00:00,2026-04-01T09:00:00
18,橋本家,東京都サンプル区北町1-7-118,03-0000-0018,"{""guardians"":[{""order"":1,""last_name"":""橋本"",""first_name"":""彩"",""last_name_kana"":""ハシモト"",""first_name_kana"":""アヤ"",""relationship"":""母"",""phone"":""090-0001-0018"",""workplace"":""東都サービス"",""workplace_address"":""東京都サンプル区勤務先5-8-1"",""workplace_phone"":""03-1000-0018""},{""order"":2,""last_name"":""橋本"",""first_name"":""学"",""last_name_kana"":""ハシモト"",""first_name_kana"":""マナブ"",""relationship"":""父"",""phone"":""090-0002-0018"",""workplace"":""みどり食品"",""workplace_address"":""東京都サンプル区勤務先6-6-2"",""workplace_phone"":""03-2000-0018""},{""order"":3,""last_name"":""橋本"",""first_name"":""節子"",""last_name_kana"":""ハシモト"",""first_name_kana"":""セツコ"",""relationship"":""祖母"",""phone"":""090-0003-0018"",""workplace"":"""",""workplace_address"":"""",""workplace_phone"":""""}]}",2026-04-01T09:00:00,2026-04-01T09:00:00
19,林家,東京都サンプル区架空町2-10-119,03-0000-0019,"{""guardians"":[{""order"":1,""last_name"":""林"",""first_name"":""奈々"",""last_name_kana"":""ハヤシ"",""first_name_kana"":""ナナ"",""relationship"":""母"",""phone"":""090-0001-0019"",""workplace"":""つばめ銀行"",""workplace_address"":""東京都サンプル区勤務先6-9-1"",""workplace_phone"":""03-1000-0019""},{""order"":2,""last_name"":""林"",""first_name"":""大輔"",""last_name_kana"":""ハヤシ"",""first_name_kana"":""ダイスケ"",""relationship"":""父"",""phone"":""090-0002-0019"",""workplace"":""架空システム"",""workplace_address"":""東京都サンプル区勤務先7-7-2"",""workplace_phone"":""03-2000-0019""}]}",2026-04-01T09:00:00,2026-04-01T09:00:00
20,藤井家,東京都サンプル区若葉町3-1-120,03-0000-0020,"{""guardians"":[{""order"":1,""last_name"":""藤井"",""first_name"":""美穂"",""last_name_kana"":""フジイ"",""first_name_kana"":""ミホ"",""relationship"":""母"",""phone"":""090-0001-0020"",""workplace"":""サンプル商事"",""workplace_address"":""東京都サンプル区勤務先7-10-1"",""workplace_phone"":""03-1000-0020""},{""order"":2,""last_name"":""藤井"",""first_name"":""拓也"",""last_name_kana"":""フジイ"",""first_name_kana"":""タクヤ"",""relationship"":""父"",""phone"":""090-0002-0020"",""workplace"":""北町クリニック"",""workplace_address"":""東京都サンプル区勤務先3-8-2"",""workplace_phone"":""03-2000-0020""}]}",2026-04-01T09:00:00,2026-04-01T09:00:00
21,松本家,東京都サンプル区青葉台4-4-121,03-0000-0021,"{""guardians"":[{""order"":1,""last_name"":""松本"",""first_name"":""真由美"",""last_name_kana"":""マツモト"",""first_name_kana"":""マユミ"",""relationship"":""母"",""phone"":""090-0001-0021"",""workplace"":""青空デザイン"",""workplace_address"":""東京都サンプル区勤務先1-11-1"",""workplace_phone"":""03-1000-0021""},{""order"":2,""last_name"":""松本"",""first_name"":""航"",""last_name_kana"":""マツモト"",""first_name_kana"":""ワタル"",""relationship"":""父"",""phone"":""090-0002-0021"",""workplace"":""さくら物流"",""workplace_address"":""東京都サンプル区勤務先4-9-2"",""workplace_phone"":""03-2000-0021""}]}",2026-04-01T09:00:00,2026-04-01T09:00:00
22,三浦家,東京都サンプル区中央5-7-122,03-0000-0022,"{""guardians"":[{""order"":1,""last_name"":""三浦"",""first_name"":""彩"",""last_name_kana"":""ミウラ"",""first_name_kana"":""アヤ"",""relationship"":""母"",""phone"":""090-0001-0022"",""workplace"":""みどり食品"",""workplace_address"":""東京都サンプル区勤務先2-1-1"",""workplace_phone"":""03-1000-0022""},{""order"":2,""last_name"":""三浦"",""first_name"":""誠"",""last_name_kana"":""ミウラ"",""first_name_kana"":""マコト"",""relationship"":""父"",""phone"":""090-0002-0022"",""workplace"":""若葉建設"",""workplace_address"":""東京都サンプル区勤務先5-10-2"",""workplace_phone"":""03-2000-0022""}]}",2026-04-01T09:00:00,2026-04-01T09:00:00
23,森家,東京都サンプル区南町6-10-123,03-0000-0023,"{""guardians"":[{""order"":1,""last_name"":""森"",""first_name"":""奈々"",""last_name_kana"":""モリ"",""first_name_kana"":""ナナ"",""relationship"":""母"",""phone"":""090-0001-0023"",""workplace"":""架空システム"",""workplace_address"":""東京都サンプル区勤務先3-2-1"",""workplace_phone"":""03-1000-0023""},{""order"":2,""last_name"":""森"",""first_name"":""亮"",""last_name_kana"":""モリ"",""first_name_kana"":""リョウ"",""relationship"":""父"",""phone"":""090-0002-0023"",""workplace"":""ひかり薬局"",""workplace_address"":""東京都サンプル区勤務先6-11-2"",""workplace_phone"":""03-2000-0023""}]}",2026-04-01T09:00:00,2026-04-01T09:00:00
24,山口家,東京都サンプル区北町7-1-124,03-0000-0024,"{""guardians"":[{""order"":1,""last_name"":""山口"",""first_name"":""美穂"",""last_name_kana"":""ヤマグチ"",""first_name_kana"":""ミホ"",""relationship"":""母"",""phone"":""090-0001-0024"",""workplace"":""北町クリニック"",""workplace_address"":""東京都サンプル区勤務先4-3-1"",""workplace_phone"":""03-1000-0024""},{""order"":2,""last_name"":""山口"",""first_name"":""健一"",""last_name_kana"":""ヤマグチ"",""first_name_kana"":""ケンイチ"",""relationship"":""父"",""phone"":""090-0002-0024"",""workplace"":""東都サービス"",""workplace_address"":""東京都サンプル区勤務先7-12-2"",""workplace_phone"":""03-2000-0024""}]}",2026-04-01T09:00:00,2026-04-01T09:00:00
25,山田家,東京都サンプル区架空町8-4-125,03-0000-0025,"{""guardians"":[{""order"":1,""last_name"":""山田"",""first_name"":""真由美"",""last_name_kana"":""ヤマダ"",""first_name_kana"":""マユミ"",""relationship"":""母"",""phone"":""090-0001-0025"",""workplace"":""さくら物流"",""workplace_address"":""東京都サンプル区勤務先5-4-1"",""workplace_phone"":""03-1000-0025""},{""order"":2,""last_name"":""山田"",""first_name"":""直樹"",""last_name_kana"":""ヤマダ"",""first_name_kana"":""ナオキ"",""relationship"":""父"",""phone"":""090-0002-0025"",""workplace"":""つばめ銀行"",""workplace_address"":""東京都サンプル区勤務先3-13-2"",""workplace_phone"":""03-2000-0025""}]}",2026-04-01T09:00:00,2026-04-01T09:00:00
26,吉田家,東京都サンプル区若葉町9-7-126,03-0000-0026,"{""guardians"":[{""order"":1,""last_name"":""吉田"",""first_name"":""彩"",""last_name_kana"":""ヨシダ"",""first_name_kana"":""アヤ"",""relationship"":""母"",""phone"":""090-0001-0026"",""workplace"":""若葉建設"",""workplace_address"":""東京都サンプル区勤務先6-5-1"",""workplace_phone"":""03-1000-0026""},{""order"":2,""last_name"":""吉田"",""first_name"":""学"",""last_name_kana"":""ヨシダ"",""first_name_kana"":""マナブ"",""relationship"":""父"",""phone"":""090-0002-0026"",""workplace"":""サンプル商事"",""workplace_address"":""東京都サンプル区勤務先4-1-2"",""workplace_phone"":""03-2000-0026""}]}",2026-04-01T09:00:00,2026-04-01T09:00:00
27,渡辺家,東京都サンプル区青葉台1-10-127,03-0000-0027,"{""guardians"":[{""order"":1,""last_name"":""渡辺"",""first_name"":""奈々"",""last_name_kana"":""ワタナベ"",""first_name_kana"":""ナナ"",""relationship"":""母"",""phone"":""090-0001-0027"",""workplace"":""ひかり薬局"",""workplace_address"":""東京都サンプル区勤務先7-6-1"",""workplace_phone"":""03-1000-0027""},{""order"":2,""last_name"":""渡辺"",""first_name"":""大輔"",""last_name_kana"":""ワタナベ"",""first_name_kana"":""ダイスケ"",""relationship"":""父"",""phone"":""090-0002-0027"",""workplace"":""青空デザイン"",""workplace_address"":""東京都サンプル区勤務先5-2-2"",""workplace_phone"":""03-2000-0027""},{""order"":3,""last_name"":""渡辺"",""first_name"":""雅人"",""last_name_kana"":""ワタナベ"",""first_name_kana"":""マサト"",""relationship"":""祖母"",""phone"":""090-0003-0027"",""workplace"":"""",""workplace_address"":"""",""workplace_phone"":""""}]}",2026-04-01T09:00:00,2026-04-01T09:00:00
28,長谷川家,東京都サンプル区中央2-1-128,03-0000-0028,"{""guardians"":[{""order"":1,""last_name"":""長谷川"",""first_name"":""美穂"",""last_name_kana"":""ハセガワ"",""first_name_kana"":""ミホ"",""relationship"":""母"",""phone"":""090-0001-0028"",""workplace"":""東都サービス"",""workplace_address"":""東京都サンプル区勤務先1-7-1"",""workplace_phone"":""03-1000-0028""},{""order"":2,""last_name"":""長谷川"",""first_name"":""拓也"",""last_name_kana"":""ハセガワ"",""first_name_kana"":""タクヤ"",""relationship"":""父"",""phone"":""090-0002-0028"",""workplace"":""みどり食品"",""workplace_address"":""東京都サンプル区勤務先6-3-2"",""workplace_phone"":""03-2000-0028""}]}",2026-04-01T09:00:00,2026-04-01T09:00:00
29,近藤家,東京都サンプル区南町3-4-129,03-0000-0029,"{""guardians"":[{""order"":1,""last_name"":""近藤"",""first_name"":""真由美"",""last_name_kana"":""コンドウ"",""first_name_kana"":""マユミ"",""relationship"":""母"",""phone"":""090-0001-0029"",""workplace"":""つばめ銀行"",""workplace_address"":""東京都サンプル区勤務先2-8-1"",""workplace_phone"":""03-1000-0029""},{""order"":2,""last_name"":""近藤"",""first_name"":""航"",""last_name_kana"":""コンドウ"",""first_name_kana"":""ワタル"",""relationship"":""父"",""phone"":""090-0002-0029"",""workplace"":""架空システム"",""workplace_address"":""東京都サンプル区勤務先7-4-2"",""workplace_phone"":""03-2000-0029""}]}",2026-04-01T09:00:00,2026-04-01T09:00:00
30,村上家,東京都サンプル区北町4-7-130,03-0000-0030,"{""guardians"":[{""order"":1,""last_name"":""村上"",""first_name"":""彩"",""last_name_kana"":""ムラカミ"",""first_name_kana"":""アヤ"",""relationship"":""母"",""phone"":""090-0001-0030"",""workplace"":""サンプル商事"",""workplace_address"":""東京都サンプル区勤務先3-9-1"",""workplace_phone"":""03-1000-0030""},{""order"":2,""last_name"":""村上"",""first_name"":""誠"",""last_name_kana"":""ムラカミ"",""first_name_kana"":""マコト"",""relationship"":""父"",""phone"":""090-0002-0030"",""workplace"":""北町クリニック"",""workplace_address"":""東京都サンプル区勤務先3-5-2"",""workplace_phone"":""03-2000-0030""}]}",2026-04-01T09:00:00,2026-04-01T09:00:00
31,青木家,東京都サンプル区架空町5-10-131,03-0000-0031,"{""guardians"":[{""order"":1,""last_name"":""青木"",""first_name"":""奈々"",""last_name_kana"":""アオキ"",""first_name_kana"":""ナナ"",""relationship"":""母"",""phone"":""090-0001-0031"",""workplace"":""青空デザイン"",""workplace_address"":""東京都サンプル区勤務先4-10-1"",""workplace_phone"":""03-1000-0031""},{""order"":2,""last_name"":""青木"",""first_name"":""亮"",""last_name_kana"":""アオキ"",""first_name_kana"":""リョウ"",""relationship"":""父"",""phone"":""090-0002-0031"",""workplace"":""さくら物流"",""workplace_address"":""東京都サンプル区勤務先4-6-2"",""workplace_phone"":""03-2000-0031""}]}",2026-04-01T09:00:00,2026-04-01T09:00:00
32,石井家,東京都サンプル区若葉町6-1-132,03-0000-0032,"{""guardians"":[{""order"":1,""last_name"":""石井"",""first_name"":""美穂"",""last_name_kana"":""イシイ"",""first_name_kana"":""ミホ"",""relationship"":""母"",""phone"":""090-0001-0032"",""workplace"":""みどり食品"",""workplace_address"":""東京都サンプル区勤務先5-11-1"",""workplace_phone"":""03-1000-0032""},{""order"":2,""last_name"":""石井"",""first_name"":""健一"",""last_name_kana"":""イシイ"",""first_name_kana"":""ケンイチ"",""relationship"":""父"",""phone"":""090-0002-0032"",""workplace"":""若葉建設"",""workplace_address"":""東京都サンプル区勤務先5-7-2"",""workplace_phone"":""03-2000-0032""}]}",2026-04-01T09:00:00,2026-04-01T09:00:00
33,井上家,東京都サンプル区青葉台7-4-133,03-0000-0033,"{""guardians"":[{""order"":1,""last_name"":""井上"",""first_name"":""真由美"",""last_name_kana"":""イノウエ"",""first_name_kana"":""マユミ"",""relationship"":""母"",""phone"":""090-0001-0033"",""workplace"":""架空システム"",""workplace_address"":""東京都サンプル区勤務先6-1-1"",""workplace_phone"":""03-1000-0033""},{""order"":2,""last_name"":""井上"",""first_name"":""直樹"",""last_name_kana"":""イノウエ"",""first_name_kana"":""ナオキ"",""relationship"":""父"",""phone"":""090-0002-0033"",""workplace"":""ひかり薬局"",""workplace_address"":""東京都サンプル区勤務先6-8-2"",""workplace_phone"":""03-2000-0033""}]}",2026-04-01T09:00:00,2026-04-01T09:00:00
34,遠藤家,東京都サンプル区中央8-7-134,03-0000-0034,"{""guardians"":[{""order"":1,""last_name"":""遠藤"",""first_name"":""彩"",""last_name_kana"":""エンドウ"",""first_name_kana"":""アヤ"",""relationship"":""母"",""phone"":""090-0001-0034"",""workplace"":""北町クリニック"",""workplace_address"":""東京都サンプル区勤務先7-2-1"",""workplace_phone"":""03-1000-0034""},{""order"":2,""last_name"":""遠藤"",""first_name"":""学"",""last_name_kana"":""エンドウ"",""first_name_kana"":""マナブ"",""relationship"":""父"",""phone"":""090-0002-0034"",""workplace"":""東都サービス"",""workplace_address"":""東京都サンプル区勤務先7-9-2"",""workplace_phone"":""03-2000-0034""}]}",2026-04-01T09:00:00,2026-04-01T09:00:00
35,岡田家,東京都サンプル区南町9-10-135,03-0000-0035,"{""guardians"":[{""order"":1,""last_name"":""岡田"",""first_name"":""奈々"",""last_name_kana"":""オカダ"",""first_name_kana"":""ナナ"",""relationship"":""母"",""phone"":""090-0001-0035"",""workplace"":""さくら物流"",""workplace_address"":""東京都サンプル区勤務先1-3-1"",""workplace_phone"":""03-1000-0035""},{""order"":2,""last_name"":""岡田"",""first_name"":""大輔"",""last_name_kana"":""オカダ"",""first_name_kana"":""ダイスケ"",""relationship"":""父"",""phone"":""090-0002-0035"",""workplace"":""つばめ銀行"",""workplace_address"":""東京都サンプル区勤務先3-10-2"",""workplace_phone"":""03-2000-0035""}]}",2026-04-01T09:00:00,2026-04-01T09:00:00
36,小川家,東京都サンプル区北町1-1-136,03-0000-0036,"{""guardians"":[{""order"":1,""last_name"":""小川"",""first_name"":""美穂"",""last_name_kana"":""オガワ"",""first_name_kana"":""ミホ"",""relationship"":""母"",""phone"":""090-0001-0036"",""workplace"":""若葉建設"",""workplace_address"":""東京都サンプル区勤務先2-4-1"",""workplace_phone"":""03-1000-0036""},{""order"":2,""last_name"":""小川"",""first_name"":""拓也"",""last_name_kana"":""オガワ"",""first_name_kana"":""タクヤ"",""relationship"":""父"",""phone"":""090-0002-0036"",""workplace"":""サンプル商事"",""workplace_address"":""東京都サンプル区勤務先4-11-2"",""workplace_phone"":""03-2000-0036""},{""order"":3,""last_name"":""小川"",""first_name"":""和子"",""last_name_kana"":""オガワ"",""first_name_kana"":""カズコ"",""relationship"":""祖母"",""phone"":""090-0003-0036"",""workplace"":"""",""workplace_address"":"""",""workplace_phone"":""""}]}",2026-04-01T09:00:00,2026-04-01T09:00:00
37,加藤家,東京都サンプル区架空町2-4-137,03-0000-0037,"{""guardians"":[{""order"":1,""last_name"":""加藤"",""first_name"":""真由美"",""last_name_kana"":""カトウ"",""first_name_kana"":""マユミ"",""relationship"":""母"",""phone"":""090-0001-0037"",""workplace"":""ひかり薬局"",""workplace_address"":""東京都サンプル区勤務先3-5-1"",""workplace_phone"":""03-1000-0037""},{""order"":2,""last_name"":""加藤"",""first_name"":""航"",""last_name_kana"":""カトウ"",""first_name_kana"":""ワタル"",""relationship"":""父"",""phone"":""090-0002-0037"",""workplace"":""青空デザイン"",""workplace_address"":""東京都サンプル区勤務先5-12-2"",""workplace_phone"":""03-2000-0037""}]}",2026-04-01T09:00:00,2026-04-01T09:00:00
38,木村家,東京都サンプル区若葉町3-7-138,03-0000-0038,"{""guardians"":[{""order"":1,""last_name"":""木村"",""first_name"":""彩"",""last_name_kana"":""キムラ"",""first_name_kana"":""アヤ"",""relationship"":""母"",""phone"":""090-0001-0038"",""workplace"":""東都サービス"",""workplace_address"":""東京都サンプル区勤務先4-6-1"",""workplace_phone"":""03-1000-0038""},{""order"":2,""last_name"":""木村"",""first_name"":""誠"",""last_name_kana"":""キムラ"",""first_name_kana"":""マコト"",""relationship"":""父"",""phone"":""090-0002-0038"",""workplace"":""みどり食品"",""workplace_address"":""東京都サンプル区勤務先6-13-2"",""workplace_phone"":""03-2000-0038""}]}",2026-04-01T09:00:00,2026-04-01T09:00:00
39,小林家,東京都サンプル区青葉台4-10-139,03-0000-0039,"{""guardians"":[{""order"":1,""last_name"":""小林"",""first_name"":""奈々"",""last_name_kana"":""コバヤシ"",""first_name_kana"":""ナナ"",""relationship"":""母"",""phone"":""090-0001-0039"",""workplace"":""つばめ銀行"",""workplace_address"":""東京都サンプル区勤務先5-7-1"",""workplace_phone"":""03-1000-0039""},{""order"":2,""last_name"":""小林"",""first_name"":""亮"",""last_name_kana"":""コバヤシ"",""first_name_kana"":""リョウ"",""relationship"":""父"",""phone"":""090-0002-0039"",""workplace"":""架空システム"",""workplace_address"":""東京都サンプル区勤務先7-1-2"",""workplace_phone"":""03-2000-0039""}]}",2026-04-01T09:00:00,2026-04-01T09:00:00
40,斎藤家,東京都サンプル区中央5-1-140,03-0000-0040,"{""guardians"":[{""order"":1,""last_name"":""斎藤"",""first_name"":""美穂"",""last_name_kana"":""サイトウ"",""first_name_kana"":""ミホ"",""relationship"":""母"",""phone"":""090-0001-0040"",""workplace"":""サンプル商事"",""workplace_address"":""東京都サンプル区勤務先6-8-1"",""workplace_phone"":""03-1000-0040""},{""order"":2,""last_name"":""斎藤"",""first_name"":""健一"",""last_name_kana"":""サイトウ"",""first_name_kana"":""ケンイチ"",""relationship"":""父"",""phone"":""090-0002-0040"",""workplace"":""北町クリニック"",""workplace_address"":""東京都サンプル区勤務先3-2-2"",""workplace_phone"":""03-2000-0040""}]}",2026-04-01T09:00:00,2026-04-01T09:00:00
41,佐々木家,東京都サンプル区南町6-4-141,03-0000-0041,"{""guardians"":[{""order"":1,""last_name"":""佐々木"",""first_name"":""真由美"",""last_name_kana"":""ササキ"",""first_name_kana"":""マユミ"",""relationship"":""母"",""phone"":""090-0001-0041"",""workplace"":""青空デザイン"",""workplace_address"":""東京都サンプル区勤務先7-9-1"",""workplace_phone"":""03-1000-0041""},{""order"":2,""last_name"":""佐々木"",""first_name"":""直樹"",""last_name_kana"":""ササキ"",""first_name_kana"":""ナオキ"",""relationship"":""父"",""phone"":""090-0002-0041"",""workplace"":""さくら物流"",""workplace_address"":""東京都サンプル区勤務先4-3-2"",""workplace_phone"":""03-2000-0041""}]}",2026-04-01T09:00:00,2026-04-01T09:00:00
42,佐藤家,東京都サンプル区北町7-7-142,03-0000-0042,"{""guardians"":[{""order"":1,""last_name"":""佐藤"",""first_name"":""彩"",""last_name_kana"":""サトウ"",""first_name_kana"":""アヤ"",""relationship"":""母"",""phone"":""090-0001-0042"",""workplace"":""みどり食品"",""workplace_address"":""東京都サンプル区勤務先1-10-1"",""workplace_phone"":""03-1000-0042""},{""order"":2,""last_name"":""佐藤"",""first_name"":""学"",""last_name_kana"":""サトウ"",""first_name_kana"":""マナブ"",""relationship"":""父"",""phone"":""090-0002-0042"",""workplace"":""若葉建設"",""workplace_address"":""東京都サンプル区勤務先5-4-2"",""workplace_phone"":""03-2000-0042""}]}",2026-04-01T09:00:00,2026-04-01T09:00:00
43,清水家,東京都サンプル区架空町8-10-143,03-0000-0043,"{""guardians"":[{""order"":1,""last_name"":""清水"",""first_name"":""奈々"",""last_name_kana"":""シミズ"",""first_name_kana"":""ナナ"",""relationship"":""母"",""phone"":""090-0001-0043"",""workplace"":""架空システム"",""workplace_address"":""東京都サンプル区勤務先2-11-1"",""workplace_phone"":""03-1000-0043""},{""order"":2,""last_name"":""清水"",""first_name"":""大輔"",""last_name_kana"":""シミズ"",""first_name_kana"":""ダイスケ"",""relationship"":""父"",""phone"":""090-0002-0043"",""workplace"":""ひかり薬局"",""workplace_address"":""東京都サンプル区勤務先6-5-2"",""workplace_phone"":""03-2000-0043""}]}",2026-04-01T09:00:00,2026-04-01T09:00:00
44,鈴木家,東京都サンプル区若葉町9-1-144,03-0000-0044,"{""guardians"":[{""order"":1,""last_name"":""鈴木"",""first_name"":""美穂"",""last_name_kana"":""スズキ"",""first_name_kana"":""ミホ"",""relationship"":""母"",""phone"":""090-0001-0044"",""workplace"":""北町クリニック"",""workplace_address"":""東京都サンプル区勤務先3-1-1"",""workplace_phone"":""03-1000-0044""},{""order"":2,""last_name"":""鈴木"",""first_name"":""拓也"",""last_name_kana"":""スズキ"",""first_name_kana"":""タクヤ"",""relationship"":""父"",""phone"":""090-0002-0044"",""workplace"":""東都サービス"",""workplace_address"":""東京都サンプル区勤務先7-6-2"",""workplace_phone"":""03-2000-0044""}]}",2026-04-01T09:00:00,2026-04-01T09:00:00
45,高橋家,東京都サンプル区青葉台1-4-145,03-0000-0045,"{""guardians"":[{""order"":1,""last_name"":""高橋"",""first_name"":""真由美"",""last_name_kana"":""タカハシ"",""first_name_kana"":""マユミ"",""relationship"":""母"",""phone"":""090-0001-0045"",""workplace"":""さくら物流"",""workplace_address"":""東京都サンプル区勤務先4-2-1"",""workplace_phone"":""03-1000-0045""},{""order"":2,""last_name"":""高橋"",""first_name"":""航"",""last_name_kana"":""タカハシ"",""first_name_kana"":""ワタル"",""relationship"":""父"",""phone"":""090-0002-0045"",""workplace"":""つばめ銀行"",""workplace_address"":""東京都サンプル区勤務先3-7-2"",""workplace_phone"":""03-2000-0045""},{""order"":3,""last_name"":""高橋"",""first_name"":""洋子"",""last_name_kana"":""タカハシ"",""first_name_kana"":""ヨウコ"",""relationship"":""祖母"",""phone"":""090-0003-0045"",""workplace"":"""",""workplace_address"":"""",""workplace_phone"":""""}]}",2026-04-01T09:00:00,2026-04-01T09:00:00
46,田中家,東京都サンプル区中央2-7-146,03-0000-0046,"{""guardians"":[{""order"":1,""last_name"":""田中"",""first_name"":""彩"",""last_name_kana"":""タナカ"",""first_name_kana"":""アヤ"",""relationship"":""母"",""phone"":""090-0001-0046"",""workplace"":""若葉建設"",""workplace_address"":""東京都サンプル区勤務先5-3-1"",""workplace_phone"":""03-1000-0046""},{""order"":2,""last_name"":""田中"",""first_name"":""誠"",""last_name_kana"":""タナカ"",""first_name_kana"":""マコト"",""relationship"":""父"",""phone"":""090-0002-0046"",""workplace"":""サンプル商事"",""workplace_address"":""東京都サンプル区勤務先4-8-2"",""workplace_phone"":""03-2000-0046""}]}",2026-04-01T09:00:00,2026-04-01T09:00:00
47,中村家,東京都サンプル区南町3-10-147,03-0000-0047,"{""guardians"":[{""order"":1,""last_name"":""中村"",""first_name"":""奈々"",""last_name_kana"":""ナカムラ"",""first_name_kana"":""ナナ"",""relationship"":""母"",""phone"":""090-0001-0047"",""workplace"":""ひかり薬局"",""workplace_address"":""東京都サンプル区勤務先6-4-1"",""workplace_phone"":""03-1000-0047""},{""order"":2,""last_name"":""中村"",""first_name"":""亮"",""last_name_kana"":""ナカムラ"",""first_name_kana"":""リョウ"",""relationship"":""父"",""phone"":""090-0002-0047"",""workplace"":""青空デザイン"",""workplace_address"":""東京都サンプル区勤務先5-9-2"",""workplace_phone"":""03-2000-0047""}]}",2026-04-01T09:00:00,2026-04-01T09:00:00
48,橋本家,東京都サンプル区北町4-1-148,03-0000-0048,"{""guardians"":[{""order"":1,""last_name"":""橋本"",""first_name"":""美穂"",""last_name_kana"":""ハシモト"",""first_name_kana"":""ミホ"",""relationship"":""母"",""phone"":""090-0001-0048"",""workplace"":""東都サービス"",""workplace_address"":""東京都サンプル区勤務先7-5-1"",""workplace_phone"":""03-1000-0048""},{""order"":2,""last_name"":""橋本"",""first_name"":""健一"",""last_name_kana"":""ハシモト"",""first_name_kana"":""ケンイチ"",""relationship"":""父"",""phone"":""090-0002-0048"",""workplace"":""みどり食品"",""workplace_address"":""東京都サンプル区勤務先6-10-2"",""workplace_phone"":""03-2000-0048""}]}",2026-04-01T09:00:00,2026-04-01T09:00:00
49,林家,東京都サンプル区架空町5-4-149,03-0000-0049,"{""guardians"":[{""order"":1,""last_name"":""林"",""first_name"":""真由美"",""last_name_kana"":""ハヤシ"",""first_name_kana"":""マユミ"",""relationship"":""母"",""phone"":""090-0001-0049"",""workplace"":""つばめ銀行"",""workplace_address"":""東京都サンプル区勤務先1-6-1"",""workplace_phone"":""03-1000-0049""},{""order"":2,""last_name"":""林"",""first_name"":""直樹"",""last_name_kana"":""ハヤシ"",""first_name_kana"":""ナオキ"",""relationship"":""父"",""phone"":""090-0002-0049"",""workplace"":""架空システム"",""workplace_address"":""東京都サンプル区勤務先7-11-2"",""workplace_phone"":""03-2000-0049""}]}",2026-04-01T09:00:00,2026-04-01T09:00:00
50,藤井家,東京都サンプル区若葉町6-7-150,03-0000-0050,"{""guardians"":[{""order"":1,""last_name"":""藤井"",""first_name"":""彩"",""last_name_kana"":""フジイ"",""first_name_kana"":""アヤ"",""relationship"":""母"",""phone"":""090-0001-0050"",""workplace"":""サンプル商事"",""workplace_address"":""東京都サンプル区勤務先2-7-1"",""workplace_phone"":""03-1000-0050""},{""order"":2,""last_name"":""藤井"",""first_name"":""学"",""last_name_kana"":""フジイ"",""first_name_kana"":""マナブ"",""relationship"":""父"",""phone"":""090-0002-0050"",""workplace"":""北町クリニック"",""workplace_address"":""東京都サンプル区勤務先3-12-2"",""workplace_phone"":""03-2000-0050""}]}",2026-04-01T09:00:00,2026-04-01T09:00:00
51,松本家,東京都サンプル区青葉台7-10-151,03-0000-0051,"{""guardians"":[{""order"":1,""last_name"":""松本"",""first_name"":""奈々"",""last_name_kana"":""マツモト"",""first_name_kana"":""ナナ"",""relationship"":""母"",""phone"":""090-0001-0051"",""workplace"":""青空デザイン"",""workplace_address"":""東京都サンプル区勤務先3-8-1"",""workplace_phone"":""03-1000-0051""},{""order"":2,""last_name"":""松本"",""first_name"":""大輔"",""last_name_kana"":""マツモト"",""first_name_kana"":""ダイスケ"",""relationship"":""父"",""phone"":""090-0002-0051"",""workplace"":""さくら物流"",""workplace_address"":""東京都サンプル区勤務先4-13-2"",""workplace_phone"":""03-2000-0051""}]}",2026-04-01T09:00:00,2026-04-01T09:00:00
52,三浦家,東京都サンプル区中央8-1-152,03-0000-0052,"{""guardians"":[{""order"":1,""last_name"":""三浦"",""first_name"":""美穂"",""last_name_kana"":""ミウラ"",""first_name_kana"":""ミホ"",""relationship"":""母"",""phone"":""090-0001-0052"",""workplace"":""みどり食品"",""workplace_address"":""東京都サンプル区勤務先4-9-1"",""workplace_phone"":""03-1000-0052""},{""order"":2,""last_name"":""三浦"",""first_name"":""拓也"",""last_name_kana"":""ミウラ"",""first_name_kana"":""タクヤ"",""relationship"":""父"",""phone"":""090-0002-0052"",""workplace"":""若葉建設"",""workplace_address"":""東京都サンプル区勤務先5-1-2"",""workplace_phone"":""03-2000-0052""}]}",2026-04-01T09:00:00,2026-04-01T09:00:00
53,森家,東京都サンプル区南町9-4-153,03-0000-0053,"{""guardians"":[{""order"":1,""last_name"":""森"",""first_name"":""真由美"",""last_name_kana"":""モリ"",""first_name_kana"":""マユミ"",""relationship"":""母"",""phone"":""090-0001-0053"",""workplace"":""架空システム"",""workplace_address"":""東京都サンプル区勤務先5-10-1"",""workplace_phone"":""03-1000-0053""},{""order"":2,""last_name"":""森"",""first_name"":""航"",""last_name_kana"":""モリ"",""first_name_kana"":""ワタル"",""relationship"":""父"",""phone"":""090-0002-0053"",""workplace"":""ひかり薬局"",""workplace_address"":""東京都サンプル区勤務先6-2-2"",""workplace_phone"":""03-2000-0053""}]}",2026-04-01T09:00:00,2026-04-01T09:00:00
54,山口家,東京都サンプル区北町1-7-154,03-0000-0054,"{""guardians"":[{""order"":1,""last_name"":""山口"",""first_name"":""彩"",""last_name_kana"":""ヤマグチ"",""first_name_kana"":""アヤ"",""relationship"":""母"",""phone"":""090-0001-0054"",""workplace"":""北町クリニック"",""workplace_address"":""東京都サンプル区勤務先6-11-1"",""workplace_phone"":""03-1000-0054""},{""order"":2,""last_name"":""山口"",""first_name"":""誠"",""last_name_kana"":""ヤマグチ"",""first_name_kana"":""マコト"",""relationship"":""父"",""phone"":""090-0002-0054"",""workplace"":""東都サービス"",""workplace_address"":""東京都サンプル区勤務先7-3-2"",""workplace_phone"":""03-2000-0054""},{""order"":3,""last_name"":""山口"",""first_name"":""節子"",""last_name_kana"":""ヤマグチ"",""first_name_kana"":""セツコ"",""relationship"":""祖母"",""phone"":""090-0003-0054"",""workplace"":"""",""workplace_address"":"""",""workplace_phone"":""""}]}",2026-04-01T09:00:00,2026-04-01T09:00:00
55,山田家,東京都サンプル区架空町2-10-155,03-0000-0055,"{""guardians"":[{""order"":1,""last_name"":""山田"",""first_name"":""奈々"",""last_name_kana"":""ヤマダ"",""first_name_kana"":""ナナ"",""relationship"":""母"",""phone"":""090-0001-0055"",""workplace"":""さくら物流"",""workplace_address"":""東京都サンプル区勤務先7-1-1"",""workplace_phone"":""03-1000-0055""},{""order"":2,""last_name"":""山田"",""first_name"":""亮"",""last_name_kana"":""ヤマダ"",""first_name_kana"":""リョウ"",""relationship"":""父"",""phone"":""090-0002-0055"",""workplace"":""つばめ銀行"",""workplace_address"":""東京都サンプル区勤務先3-4-2"",""workplace_phone"":""03-2000-0055""}]}",2026-04-01T09:00:00,2026-04-01T09:00:00
56,吉田家,東京都サンプル区若葉町3-1-156,03-0000-0056,"{""guardians"":[{""order"":1,""last_name"":""吉田"",""first_name"":""美穂"",""last_name_kana"":""ヨシダ"",""first_name_kana"":""ミホ"",""relationship"":""母"",""phone"":""090-0001-0056"",""workplace"":""若葉建設"",""workplace_address"":""東京都サンプル区勤務先1-2-1"",""workplace_phone"":""03-1000-0056""},{""order"":2,""last_name"":""吉田"",""first_name"":""健一"",""last_name_kana"":""ヨシダ"",""first_name_kana"":""ケンイチ"",""relationship"":""父"",""phone"":""090-0002-0056"",""workplace"":""サンプル商事"",""workplace_address"":""東京都サンプル区勤務先4-5-2"",""workplace_phone"":""03-2000-0056""}]}",2026-04-01T09:00:00,2026-04-01T09:00:00
57,渡辺家,東京都サンプル区青葉台4-4-157,03-0000-0057,"{""guardians"":[{""order"":1,""last_name"":""渡辺"",""first_name"":""真由美"",""last_name_kana"":""ワタナベ"",""first_name_kana"":""マユミ"",""relationship"":""母"",""phone"":""090-0001-0057"",""workplace"":""ひかり薬局"",""workplace_address"":""東京都サンプル区勤務先2-3-1"",""workplace_phone"":""03-1000-0057""},{""order"":2,""last_name"":""渡辺"",""first_name"":""直樹"",""last_name_kana"":""ワタナベ"",""first_name_kana"":""ナオキ"",""relationship"":""父"",""phone"":""090-0002-0057"",""workplace"":""青空デザイン"",""workplace_address"":""東京都サンプル区勤務先5-6-2"",""workplace_phone"":""03-2000-0057""}]}",2026-04-01T09:00:00,2026-04-01T09:00:00
58,長谷川家,東京都サンプル区中央5-7-158,03-0000-0058,"{""guardians"":[{""order"":1,""last_name"":""長谷川"",""first_name"":""彩"",""last_name_kana"":""ハセガワ"",""first_name_kana"":""アヤ"",""relationship"":""母"",""phone"":""090-0001-0058"",""workplace"":""東都サービス"",""workplace_address"":""東京都サンプル区勤務先3-4-1"",""workplace_phone"":""03-1000-0058""},{""order"":2,""last_name"":""長谷川"",""first_name"":""学"",""last_name_kana"":""ハセガワ"",""first_name_kana"":""マナブ"",""relationship"":""父"",""phone"":""090-0002-0058"",""workplace"":""みどり食品"",""workplace_address"":""東京都サンプル区勤務先6-7-2"",""workplace_phone"":""03-2000-0058""}]}",2026-04-01T09:00:00,2026-04-01T09:00:00
59,近藤家,東京都サンプル区南町6-10-159,03-0000-0059,"{""guardians"":[{""order"":1,""last_name"":""近藤"",""first_name"":""奈々"",""last_name_kana"":""コンドウ"",""first_name_kana"":""ナナ"",""relationship"":""母"",""phone"":""090-0001-0059"",""workplace"":""つばめ銀行"",""workplace_address"":""東京都サンプル区勤務先4-5-1"",""workplace_phone"":""03-1000-0059""},{""order"":2,""last_name"":""近藤"",""first_name"":""大輔"",""last_name_kana"":""コンドウ"",""first_name_kana"":""ダイスケ"",""relationship"":""父"",""phone"":""090-0002-0059"",""workplace"":""架空システム"",""workplace_address"":""東京都サンプル区勤務先7-8-2"",""workplace_phone"":""03-2000-0059""}]}",2026-04-01T09:00:00,2026-04-01T09:00:00
60,村上家,東京都サンプル区北町7-1-160,03-0000-0060,"{""guardians"":[{""order"":1,""last_name"":""村上"",""first_name"":""美穂"",""last_name_kana"":""ムラカミ"",""first_name_kana"":""ミホ"",""relationship"":""母"",""phone"":""090-0001-0060"",""workplace"":""サンプル商事"",""workplace_address"":""東京都サンプル区勤務先5-6-1"",""workplace_phone"":""03-1000-0060""},{""order"":2,""last_name"":""村上"",""first_name"":""拓也"",""last_name_kana"":""ムラカミ"",""first_name_kana"":""タクヤ"",""relationship"":""父"",""phone"":""090-0002-0060"",""workplace"":""北町クリニック"",""workplace_address"":""東京都サンプル区勤務先3-9-2"",""workplace_phone"":""03-2000-0060""}]}",2026-04-01T09:00:00,2026-04-01T09:00:00
61,青木家,東京都サンプル区架空町8-4-161,03-0000-0061,"{""guardians"":[{""order"":1,""last_name"":""青木"",""first_name"":""真由美"",""last_name_kana"":""アオキ"",""first_name_kana"":""マユミ"",""relationship"":""母"",""phone"":""090-0001-0061"",""workplace"":""青空デザイン"",""workplace_address"":""東京都サンプル区勤務先6-7-1"",""workplace_phone"":""03-1000-0061""},{""order"":2,""last_name"":""青木"",""first_name"":""航"",""last_name_kana"":""アオキ"",""first_name_kana"":""ワタル"",""relationship"":""父"",""phone"":""090-0002-0061"",""workplace"":""さくら物流"",""workplace_address"":""東京都サンプル区勤務先4-10-2"",""workplace_phone"":""03-2000-0061""}]}",2026-04-01T09:00:00,2026-04-01T09:00:00
62,石井家,東京都サンプル区若葉町9-7-162,03-0000-0062,"{""guardians"":[{""order"":1,""last_name"":""石井"",""first_name"":""彩"",""last_name_kana"":""イシイ"",""first_name_kana"":""アヤ"",""relationship"":""母"",""phone"":""090-0001-0062"",""workplace"":""みどり食品"",""workplace_address"":""東京都サンプル区勤務先7-8-1"",""workplace_phone"":""03-1000-0062""},{""order"":2,""last_name"":""石井"",""first_name"":""誠"",""last_name_kana"":""イシイ"",""first_name_kana"":""マコト"",""relationship"":""父"",""phone"":""090-0002-0062"",""workplace"":""若葉建設"",""workplace_address"":""東京都サンプル区勤務先5-11-2"",""workplace_phone"":""03-2000-0062""}]}",2026-04-01T09:00:00,2026-04-01T09:00:00
63,井上家,東京都サンプル区青葉台1-10-163,03-0000-0063,"{""guardians"":[{""order"":1,""last_name"":""井上"",""first_name"":""奈々"",""last_name_kana"":""イノウエ"",""first_name_kana"":""ナナ"",""relationship"":""母"",""phone"":""090-0001-0063"",""workplace"":""架空システム"",""workplace_address"":""東京都サンプル区勤務先1-9-1"",""workplace_phone"":""03-1000-0063""},{""order"":2,""last_name"":""井上"",""first_name"":""亮"",""last_name_kana"":""イノウエ"",""first_name_kana"":""リョウ"",""relationship"":""父"",""phone"":""090-0002-0063"",""workplace"":""ひかり薬局"",""workplace_address"":""東京都サンプル区勤務先6-12-2"",""workplace_phone"":""03-2000-0063""},{""order"":3,""last_name"":""井上"",""first_name"":""雅人"",""last_name_kana"":""イノウエ"",""first_name_kana"":""マサト"",""relationship"":""祖母"",""phone"":""090-0003-0063"",""workplace"":"""",""workplace_address"":"""",""workplace_phone"":""""}]}",2026-04-01T09:00:00,2026-04-01T09:00:00
64,遠藤家,東京都サンプル区中央2-1-164,03-0000-0064,"{""guardians"":[{""order"":1,""last_name"":""遠藤"",""first_name"":""美穂"",""last_name_kana"":""エンドウ"",""first_name_kana"":""ミホ"",""relationship"":""母"",""phone"":""090-0001-0064"",""workplace"":""北町クリニック"",""workplace_address"":""東京都サンプル区勤務先2-10-1"",""workplace_phone"":""03-1000-0064""},{""order"":2,""last_name"":""遠藤"",""first_name"":""健一"",""last_name_kana"":""エンドウ"",""first_name_kana"":""ケンイチ"",""relationship"":""父"",""phone"":""090-0002-0064"",""workplace"":""東都サービス"",""workplace_address"":""東京都サンプル区勤務先7-13-2"",""workplace_phone"":""03-2000-0064""}]}",2026-04-01T09:00:00,2026-04-01T09:00:00
65,岡田家,東京都サンプル区南町3-4-165,03-0000-0065,"{""guardians"":[{""order"":1,""last_name"":""岡田"",""first_name"":""真由美"",""last_name_kana"":""オカダ"",""first_name_kana"":""マユミ"",""relationship"":""母"",""phone"":""090-0001-0065"",""workplace"":""さくら物流"",""workplace_address"":""東京都サンプル区勤務先3-11-1"",""workplace_phone"":""03-1000-0065""},{""order"":2,""last_name"":""岡田"",""first_name"":""直樹"",""last_name_kana"":""オカダ"",""first_name_kana"":""ナオキ"",""relationship"":""父"",""phone"":""090-0002-0065"",""workplace"":""つばめ銀行"",""workplace_address"":""東京都サンプル区勤務先3-1-2"",""workplace_phone"":""03-2000-0065""}]}",2026-04-01T09:00:00,2026-04-01T09:00:00
66,小川家,東京都サンプル区北町4-7-166,03-0000-0066,"{""guardians"":[{""order"":1,""last_name"":""小川"",""first_name"":""彩"",""last_name_kana"":""オガワ"",""first_name_kana"":""アヤ"",""relationship"":""母"",""phone"":""090-0001-0066"",""workplace"":""若葉建設"",""workplace_address"":""東京都サンプル区勤務先4-1-1"",""workplace_phone"":""03-1000-0066""},{""order"":2,""last_name"":""小川"",""first_name"":""学"",""last_name_kana"":""オガワ"",""first_name_kana"":""マナブ"",""relationship"":""父"",""phone"":""090-0002-0066"",""workplace"":""サンプル商事"",""workplace_address"":""東京都サンプル区勤務先4-2-2"",""workplace_phone"":""03-2000-0066""}]}",2026-04-01T09:00:00,2026-04-01T09:00:00
67,加藤家,東京都サンプル区架空町5-10-167,03-0000-0067,"{""guardians"":[{""order"":1,""last_name"":""加藤"",""first_name"":""奈々"",""last_name_kana"":""カトウ"",""first_name_kana"":""ナナ"",""relationship"":""母"",""phone"":""090-0001-0067"",""workplace"":""ひかり薬局"",""workplace_address"":""東京都サンプル区勤務先5-2-1"",""workplace_phone"":""03-1000-0067""},{""order"":2,""last_name"":""加藤"",""first_name"":""大輔"",""last_name_kana"":""カトウ"",""first_name_kana"":""ダイスケ"",""relationship"":""父"",""phone"":""090-0002-0067"",""workplace"":""青空デザイン"",""workplace_address"":""東京都サンプル区勤務先5-3-2"",""workplace_phone"":""03-2000-0067""}]}",2026-04-01T09:00:00,2026-04-01T09:00:00
68,木村家,東京都サンプル区若葉町6-1-168,03-0000-0068,"{""guardians"":[{""order"":1,""last_name"":""木村"",""first_name"":""美穂"",""last_name_kana"":""キムラ"",""first_name_kana"":""ミホ"",""relationship"":""母"",""phone"":""090-0001-0068"",""workplace"":""東都サービス"",""workplace_address"":""東京都サンプル区勤務先6-3-1"",""workplace_phone"":""03-1000-0068""},{""order"":2,""last_name"":""木村"",""first_name"":""拓也"",""last_name_kana"":""キムラ"",""first_name_kana"":""タクヤ"",""relationship"":""父"",""phone"":""090-0002-0068"",""workplace"":""みどり食品"",""workplace_address"":""東京都サンプル区勤務先6-4-2"",""workplace_phone"":""03-2000-0068""}]}",2026-04-01T09:00:00,2026-04-01T09:00:00
69,小林家,東京都サンプル区青葉台7-4-169,03-0000-0069,"{""guardians"":[{""order"":1,""last_name"":""小林"",""first_name"":""真由美"",""last_name_kana"":""コバヤシ"",""first_name_kana"":""マユミ"",""relationship"":""母"",""phone"":""090-0001-0069"",""workplace"":""つばめ銀行"",""workplace_address"":""東京都サンプル区勤務先7-4-1"",""workplace_phone"":""03-1000-0069""},{""order"":2,""last_name"":""小林"",""first_name"":""航"",""last_name_kana"":""コバヤシ"",""first_name_kana"":""ワタル"",""relationship"":""父"",""phone"":""090-0002-0069"",""workplace"":""架空システム"",""workplace_address"":""東京都サンプル区勤務先7-5-2"",""workplace_phone"":""03-2000-0069""}]}",2026-04-01T09:00:00,2026-04-01T09:00:00
70,斎藤家,東京都サンプル区中央8-7-170,03-0000-0070,"{""guardians"":[{""order"":1,""last_name"":""斎藤"",""first_name"":""彩"",""last_name_kana"":""サイトウ"",""first_name_kana"":""アヤ"",""relationship"":""母"",""phone"":""090-0001-0070"",""workplace"":""サンプル商事"",""workplace_address"":""東京都サンプル区勤務先1-5-1"",""workplace_phone"":""03-1000-0070""},{""order"":2,""last_name"":""斎藤"",""first_name"":""誠"",""last_name_kana"":""サイトウ"",""first_name_kana"":""マコト"",""relationship"":""父"",""phone"":""090-0002-0070"",""workplace"":""北町クリニック"",""workplace_address"":""東京都サンプル区勤務先3-6-2"",""workplace_phone"":""03-2000-0070""}]}",2026-04-01T09:00:00,2026-04-01T09:00:00
71,佐々木家,東京都サンプル区南町9-10-171,03-0000-0071,"{""guardians"":[{""order"":1,""last_name"":""佐々木"",""first_name"":""奈々"",""last_name_kana"":""ササキ"",""first_name_kana"":""ナナ"",""relationship"":""母"",""phone"":""090-0001-0071"",""workplace"":""青空デザイン"",""workplace_address"":""東京都サンプル区勤務先2-6-1"",""workplace_phone"":""03-1000-0071""},{""order"":2,""last_name"":""佐々木"",""first_name"":""亮"",""last_name_kana"":""ササキ"",""first_name_kana"":""リョウ"",""relationship"":""父"",""phone"":""090-0002-0071"",""workplace"":""さくら物流"",""workplace_address"":""東京都サンプル区勤務先4-7-2"",""workplace_phone"":""03-2000-0071""}]}",2026-04-01T09:00:00,2026-04-01T09:00:00
72,佐藤家,東京都サンプル区北町1-1-172,03-0000-0072,"{""guardians"":[{""order"":1,""last_name"":""佐藤"",""first_name"":""美穂"",""last_name_kana"":""サトウ"",""first_name_kana"":""ミホ"",""relationship"":""母"",""phone"":""090-0001-0072"",""workplace"":""みどり食品"",""workplace_address"":""東京都サンプル区勤務先3-7-1"",""workplace_phone"":""03-1000-0072""},{""order"":2,""last_name"":""佐藤"",""first_name"":""健一"",""last_name_kana"":""サトウ"",""first_name_kana"":""ケンイチ"",""relationship"":""父"",""phone"":""090-0002-0072"",""workplace"":""若葉建設"",""workplace_address"":""東京都サンプル区勤務先5-8-2"",""workplace_phone"":""03-2000-0072""},{""order"":3,""last_name"":""佐藤"",""first_name"":""和子"",""last_name_kana"":""サトウ"",""first_name_kana"":""カズコ"",""relationship"":""祖母"",""phone"":""090-0003-0072"",""workplace"":"""",""workplace_address"":"""",""workplace_phone"":""""}]}",2026-04-01T09:00:00,2026-04-01T09:00:00
73,清水家,東京都サンプル区架空町2-4-173,03-0000-0073,"{""guardians"":[{""order"":1,""last_name"":""清水"",""first_name"":""真由美"",""last_name_kana"":""シミズ"",""first_name_kana"":""マユミ"",""relationship"":""母"",""phone"":""090-0001-0073"",""workplace"":""架空システム"",""workplace_address"":""東京都サンプル区勤務先4-8-1"",""workplace_phone"":""03-1000-0073""},{""order"":2,""last_name"":""清水"",""first_name"":""直樹"",""last_name_kana"":""シミズ"",""first_name_kana"":""ナオキ"",""relationship"":""父"",""phone"":""090-0002-0073"",""workplace"":""ひかり薬局"",""workplace_address"":""東京都サンプル区勤務先6-9-2"",""workplace_phone"":""03-2000-0073""}]}",2026-04-01T09:00:00,2026-04-01T09:00:00
74,鈴木家,東京都サンプル区若葉町3-7-174,03-0000-0074,"{""guardians"":[{""order"":1,""last_name"":""鈴木"",""first_name"":""彩"",""last_name_kana"":""スズキ"",""first_name_kana"":""アヤ"",""relationship"":""母"",""phone"":""090-0001-0074"",""workplace"":""北町クリニック"",""workplace_address"":""東京都サンプル区勤務先5-9-1"",""workplace_phone"":""03-1000-0074""},{""order"":2,""last_name"":""鈴木"",""first_name"":""学"",""last_name_kana"":""スズキ"",""first_name_kana"":""マナブ"",""relationship"":""父"",""phone"":""090-0002-0074"",""workplace"":""東都サービス"",""workplace_address"":""東京都サンプル区勤務先7-10-2"",""workplace_phone"":""03-2000-0074""}]}",2026-04-01T09:00:00,2026-04-01T09:00:00
75,高橋家,東京都サンプル区青葉台4-10-175,03-0000-0075,"{""guardians"":[{""order"":1,""last_name"":""高橋"",""first_name"":""奈々"",""last_name_kana"":""タカハシ"",""first_name_kana"":""ナナ"",""relationship"":""母"",""phone"":""090-0001-0075"",""workplace"":""さくら物流"",""workplace_address"":""東京都サンプル区勤務先6-10-1"",""workplace_phone"":""03-1000-0075""},{""order"":2,""last_name"":""高橋"",""first_name"":""大輔"",""last_name_kana"":""タカハシ"",""first_name_kana"":""ダイスケ"",""relationship"":""父"",""phone"":""090-0002-0075"",""workplace"":""つばめ銀行"",""workplace_address"":""東京都サンプル区勤務先3-11-2"",""workplace_phone"":""03-2000-0075""}]}",2026-04-01T09:00:00,2026-04-01T09:00:00
76,田中家,東京都サンプル区中央5-1-176,03-0000-0076,"{""guardians"":[{""order"":1,""last_name"":""田中"",""first_name"":""美穂"",""last_name_kana"":""タナカ"",""first_name_kana"":""ミホ"",""relationship"":""母"",""phone"":""090-0001-0076"",""workplace"":""若葉建設"",""workplace_address"":""東京都サンプル区勤務先7-11-1"",""workplace_phone"":""03-1000-0076""},{""order"":2,""last_name"":""田中"",""first_name"":""拓也"",""last_name_kana"":""タナカ"",""first_name_kana"":""タクヤ"",""relationship"":""父"",""phone"":""090-0002-0076"",""workplace"":""サンプル商事"",""workplace_address"":""東京都サンプル区勤務先4-12-2"",""workplace_phone"":""03-2000-0076""}]}",2026-04-01T09:00:00,2026-04-01T09:00:00
77,中村家,東京都サンプル区南町6-4-177,03-0000-0077,"{""guardians"":[{""order"":1,""last_name"":""中村"",""first_name"":""真由美"",""last_name_kana"":""ナカムラ"",""first_name_kana"":""マユミ"",""relationship"":""母"",""phone"":""090-0001-0077"",""workplace"":""ひかり薬局"",""workplace_address"":""東京都サンプル区勤務先1-1-1"",""workplace_phone"":""03-1000-0077""},{""order"":2,""last_name"":""中村"",""first_name"":""航"",""last_name_kana"":""ナカムラ"",""first_name_kana"":""ワタル"",""relationship"":""父"",""phone"":""090-0002-0077"",""workplace"":""青空デザイン"",""workplace_address"":""東京都サンプル区勤務先5-13-2"",""workplace_phone"":""03-2000-0077""}]}",2026-04-01T09:00:00,2026-04-01T09:00:00
78,橋本家,東京都サンプル区北町7-7-178,03-0000-0078,"{""guardians"":[{""order"":1,""last_name"":""橋本"",""first_name"":""彩"",""last_name_kana"":""ハシモト"",""first_name_kana"":""アヤ"",""relationship"":""母"",""phone"":""090-0001-0078"",""workplace"":""東都サービス"",""workplace_address"":""東京都サンプル区勤務先2-2-1"",""workplace_phone"":""03-1000-0078""},{""order"":2,""last_name"":""橋本"",""first_name"":""誠"",""last_name_kana"":""ハシモト"",""first_name_kana"":""マコト"",""relationship"":""父"",""phone"":""090-0002-0078"",""workplace"":""みどり食品"",""workplace_address"":""東京都サンプル区勤務先6-1-2"",""workplace_phone"":""03-2000-0078""}]}",2026-04-01T09:00:00,2026-04-01T09:00:00
79,林家,東京都サンプル区架空町8-10-179,03-0000-0079,"{""guardians"":[{""order"":1,""last_name"":""林"",""first_name"":""奈々"",""last_name_kana"":""ハヤシ"",""first_name_kana"":""ナナ"",""relationship"":""母"",""phone"":""090-0001-0079"",""workplace"":""つばめ銀行"",""workplace_address"":""東京都サンプル区勤務先3-3-1"",""workplace_phone"":""03-1000-0079""},{""order"":2,""last_name"":""林"",""first_name"":""亮"",""last_name_kana"":""ハヤシ"",""first_name_kana"":""リョウ"",""relationship"":""父"",""phone"":""090-0002-0079"",""workplace"":""架空システム"",""workplace_address"":""東京都サンプル区勤務先7-2-2"",""workplace_phone"":""03-2000-0079""}]}",2026-04-01T09:00:00,2026-04-01T09:00:00
80,藤井家,東京都サンプル区若葉町9-1-180,03-0000-0080,"{""guardians"":[{""order"":1,""last_name"":""藤井"",""first_name"":""美穂"",""last_name_kana"":""フジイ"",""first_name_kana"":""ミホ"",""relationship"":""母"",""phone"":""090-0001-0080"",""workplace"":""サンプル商事"",""workplace_address"":""東京都サンプル区勤務先4-4-1"",""workplace_phone"":""03-1000-0080""},{""order"":2,""last_name"":""藤井"",""first_name"":""健一"",""last_name_kana"":""フジイ"",""first_name_kana"":""ケンイチ"",""relationship"":""父"",""phone"":""090-0002-0080"",""workplace"":""北町クリニック"",""workplace_address"":""東京都サンプル区勤務先3-3-2"",""workplace_phone"":""03-2000-0080""}]}",2026-04-01T09:00:00,2026-04-01T09:00:00
81,松本家,東京都サンプル区青葉台1-4-181,03-0000-0081,"{""guardians"":[{""order"":1,""last_name"":""松本"",""first_name"":""真由美"",""last_name_kana"":""マツモト"",""first_name_kana"":""マユミ"",""relationship"":""母"",""phone"":""090-0001-0081"",""workplace"":""青空デザイン"",""workplace_address"":""東京都サンプル区勤務先5-5-1"",""workplace_phone"":""03-1000-0081""},{""order"":2,""last_name"":""松本"",""first_name"":""直樹"",""last_name_kana"":""マツモト"",""first_name_kana"":""ナオキ"",""relationship"":""父"",""phone"":""090-0002-0081"",""workplace"":""さくら物流"",""workplace_address"":""東京都サンプル区勤務先4-4-2"",""workplace_phone"":""03-2000-0081""},{""order"":3,""last_name"":""松本"",""first_name"":""洋子"",""last_name_kana"":""マツモト"",""first_name_kana"":""ヨウコ"",""relationship"":""祖母"",""phone"":""090-0003-0081"",""workplace"":"""",""workplace_address"":"""",""workplace_phone"":""""}]}",2026-04-01T09:00:00,2026-04-01T09:00:00
82,三浦家,東京都サンプル区中央2-7-182,03-0000-0082,"{""guardians"":[{""order"":1,""last_name"":""三浦"",""first_name"":""彩"",""last_name_kana"":""ミウラ"",""first_name_kana"":""アヤ"",""relationship"":""母"",""phone"":""090-0001-0082"",""workplace"":""みどり食品"",""workplace_address"":""東京都サンプル区勤務先6-6-1"",""workplace_phone"":""03-1000-0082""},{""order"":2,""last_name"":""三浦"",""first_name"":""学"",""last_name_kana"":""ミウラ"",""first_name_kana"":""マナブ"",""relationship"":""父"",""phone"":""090-0002-0082"",""workplace"":""若葉建設"",""workplace_address"":""東京都サンプル区勤務先5-5-2"",""workplace_phone"":""03-2000-0082""}]}",2026-04-01T09:00:00,2026-04-01T09:00:00
83,森家,東京都サンプル区南町3-10-183,03-0000-0083,"{""guardians"":[{""order"":1,""last_name"":""森"",""first_name"":""奈々"",""last_name_kana"":""モリ"",""first_name_kana"":""ナナ"",""relationship"":""母"",""phone"":""090-0001-0083"",""workplace"":""架空システム"",""workplace_address"":""東京都サンプル区勤務先7-7-1"",""workplace_phone"":""03-1000-0083""},{""order"":2,""last_name"":""森"",""first_name"":""大輔"",""last_name_kana"":""モリ"",""first_name_kana"":""ダイスケ"",""relationship"":""父"",""phone"":""090-0002-0083"",""workplace"":""ひかり薬局"",""workplace_address"":""東京都サンプル区勤務先6-6-2"",""workplace_phone"":""03-2000-0083""}]}",2026-04-01T09:00:00,2026-04-01T09:00:00
84,山口家,東京都サンプル区北町4-1-184,03-0000-0084,"{""guardians"":[{""order"":1,""last_name"":""山口"",""first_name"":""美穂"",""last_name_kana"":""ヤマグチ"",""first_name_kana"":""ミホ"",""relationship"":""母"",""phone"":""090-0001-0084"",""workplace"":""北町クリニック"",""workplace_address"":""東京都サンプル区勤務先1-8-1"",""workplace_phone"":""03-1000-0084""},{""order"":2,""last_name"":""山口"",""first_name"":""拓也"",""last_name_kana"":""ヤマグチ"",""first_name_kana"":""タクヤ"",""relationship"":""父"",""phone"":""090-0002-0084"",""workplace"":""東都サービス"",""workplace_address"":""東京都サンプル区勤務先7-7-2"",""workplace_phone"":""03-2000-0084""}]}",2026-04-01T09:00:00,2026-04-01T09:00:00
