ID,家庭名,住所,電話番号
,青木家,東京都サンプル区架空町2-4-101,03-0000-0001
,石井家,東京都サンプル区若葉町3-7-102,03-0000-0002
,井上家,東京都サンプル区青葉台4-10-103,03-0000-0003
,遠藤家,東京都サンプル区中央5-1-104,03-0000-0004
,岡田家,東京都サンプル区南町6-4-105,03-0000-0005
,小川家,東京都サンプル区北町7-7-106,03-0000-0006
,加藤家,東京都サンプル区架空町8-10-107,03-0000-0007
,木村家,東京都サンプル区若葉町9-1-108,03-0000-0008
,小林家,東京都サンプル区青葉台1-4-109,03-0000-0009
,斎藤家,東京都サンプル区中央2-7-110,03-0000-0010
,佐々木家,東京都サンプル区南町3-10-111,03-0000-0011
,佐藤家,東京都サンプル区北町4-1-112,03-0000-0012
,清水家,東京都サンプル区架空町5-4-113,03-0000-0013
,鈴木家,東京都サンプル区若葉町6-7-114,03-0000-0014
,高橋家,東京都サンプル区青葉台7-10-115,03-0000-0015
,田中家,東京都サンプル区中央8-1-116,03-0000-0016
,中村家,東京都サンプル区南町9-4-117,03-0000-0017
,橋本家,東京都サンプル区北町1-7-118,03-0000-0018
,林家,東京都サンプル区架空町2-10-119,03-0000-0019
,藤井家,東京都サンプル区若葉町3-1-120,03-0000-0020
,松本家,東京都サンプル区青葉台4-4-121,03-0000-0021
,三浦家,東京都サンプル区中央5-7-122,03-0000-0022
,森家,東京都サンプル区南町6-10-123,03-0000-0023
,山口家,東京都サンプル区北町7-1-124,03-0000-0024
,山田家,東京都サンプル区架空町8-4-125,03-0000-0025
,吉田家,東京都サンプル区若葉町9-7-126,03-0000-0026
,渡辺家,東京都サンプル区青葉台1-10-127,03-0000-0027
,長谷川家,東京都サンプル区中央2-1-128,03-0000-0028
,近藤家,東京都サンプル区南町3-4-129,03-0000-0029
,村上家,東京都サンプル区北町4-7-130,03-0000-0030
,青木家,東京都サンプル区架空町5-10-131,03-0000-0031
,石井家,東京都サンプル区若葉町6-1-132,03-0000-0032
,井上家,東京都サンプル区青葉台7-4-133,03-0000-0033
,遠藤家,東京都サンプル区中央8-7-134,03-0000-0034
,岡田家,東京都サンプル区南町9-10-135,03-0000-0035
,小川家,東京都サンプル区北町1-1-136,03-0000-0036
,加藤家,東京都サンプル区架空町2-4-137,03-0000-0037
,木村家,東京都サンプル区若葉町3-7-138,03-0000-0038
,小林家,東京都サンプル区青葉台4-10-139,03-0000-0039
,斎藤家,東京都サンプル区中央5-1-140,03-0000-0040
,佐々木家,東京都サンプル区南町6-4-141,03-0000-0041
,佐藤家,東京都サンプル区北町7-7-142,03-0000-0042
,清水家,東京都サンプル区架空町8-10-143,03-0000-0043
,鈴木家,東京都サンプル区若葉町9-1-144,03-0000-0044
,高橋家,東京都サンプル区青葉台1-4-145,03-0000-0045
,田中家,東京都サンプル区中央2-7-146,03-0000-0046
,中村家,東京都サンプル区南町3-10-147,03-0000-0047
,橋本家,東京都サンプル区北町4-1-148,03-0000-0048
,林家,東京都サンプル区架空町5-4-149,03-0000-0049
,藤井家,東京都サンプル区若葉町6-7-150,03-0000-0050
,松本家,東京都サンプル区青葉台7-10-151,03-0000-0051
,三浦家,東京都サンプル区中央8-1-152,03-0000-0052
,森家,東京都サンプル区南町9-4-153,03-0000-0053
,山口家,東京都サンプル区北町1-7-154,03-0000-0054
,山田家,東京都サンプル区架空町2-10-155,03-0000-0055
,吉田家,東京都サンプル区若葉町3-1-156,03-0000-0056
,渡辺家,東京都サンプル区青葉台4-4-157,03-0000-0057
,長谷川家,東京都サンプル区中央5-7-158,03-0000-0058
,近藤家,東京都サンプル区南町6-10-159,03-0000-0059
,村上家,東京都サンプル区北町7-1-160,03-0000-0060
,青木家,東京都サンプル区架空町8-4-161,03-0000-0061
,石井家,東京都サンプル区若葉町9-7-162,03-0000-0062
,井上家,東京都サンプル区青葉台1-10-163,03-0000-0063
,遠藤家,東京都サンプル区中央2-1-164,03-0000-0064
,岡田家,東京都サンプル区南町3-4-165,03-0000-0065
,小川家,東京都サンプル区北町4-7-166,03-0000-0066
,加藤家,東京都サンプル区架空町5-10-167,03-0000-0067
,木村家,東京都サンプル区若葉町6-1-168,03-0000-0068
,小林家,東京都サンプル区青葉台7-4-169,03-0000-0069
,斎藤家,東京都サンプル区中央8-7-170,03-0000-0070
,佐々木家,東京都サンプル区南町9-10-171,03-0000-0071
,佐藤家,東京都サンプル区北町1-1-172,03-0000-0072
,清水家,東京都サンプル区架空町2-4-173,03-0000-0073
,鈴木家,東京都サンプル区若葉町3-7-174,03-0000-0074
,高橋家,東京都サンプル区青葉台4-10-175,03-0000-0075
,田中家,東京都サンプル区中央5-1-176,03-0000-0076
,中村家,東京都サンプル区南町6-4-177,03-0000-0077
,橋本家,東京都サンプル区北町7-7-178,03-0000-0078
,林家,東京都サンプル区架空町8-10-179,03-0000-0079
,藤井家,東京都サンプル区若葉町9-1-180,03-0000-0080
,松本家,東京都サンプル区青葉台1-4-181,03-0000-0081
,三浦家,東京都サンプル区中央2-7-182,03-0000-0082
,森家,東京都サンプル区南町3-10-183,03-0000-0083
,山口家,東京都サンプル区北町4-1-184,03-0000-0084
